repo_id, user_id
2, 2
7, 2
3, 3
4, 6
6, 10
7, 10
10, 14
11, 15
5, 402
8, 402
8, 410
8, 412
5, 414
5, 416
8, 416
8, 427
8, 461
8, 473
5, 480
5, 481
8, 481
5, 504
7242, 510
8, 549
8, 684
3, 693
107085, 703
107186, 703
107672, 703
3, 850
16402, 882
7, 965
2, 1106
7, 1106
7, 1110
2, 1174
7, 1174
454, 1183
454, 1189
454, 1196
454, 1201
454, 1207
454, 1269
11, 2513
11, 2528
11, 2596
78852, 2638
107085, 2643
107186, 2643
107672, 2643
24292, 2969
19580, 3410
62501, 3410
9636, 3468
23781, 3468
51671, 3491
8, 3589
3583, 3895
8, 4025
8, 4028
8, 4031
8, 4033
8, 4035
12, 4351
22980, 5052
72032, 5301
74914, 5301
26388, 5762
9, 5793
107085, 6917
107186, 6917
107672, 6917
106160, 7566
107085, 7566
107186, 7566
107672, 7566
107085, 7649
107186, 7649
107672, 7649
107085, 7913
107186, 7913
107672, 7913
3437, 8304
10593, 8413
79163, 8646
25875, 9121
7, 9159
3437, 9173
3437, 9185
9636, 9441
79163, 9487
25875, 9525
13566, 9651
9636, 9652
23781, 9652
289, 9875
12, 9962
12, 9980
12, 10004
289, 10064
12, 10231
2, 10352
7, 10679
9, 11027
9, 11062
3750, 11067
10593, 11067
24292, 11067
9, 11069
8, 11082
3750, 11082
24292, 11103
24292, 11106
24292, 11107
3750, 11109
23781, 11124
79166, 11124
9636, 11258
10380, 11258
9636, 11260
107085, 11271
107186, 11271
107672, 11271
7, 11278
9, 11398
9, 11419
9, 11667
9, 11676
9, 11703
10593, 11705
24292, 11705
10593, 11766
24292, 11766
51671, 11800
9, 11917
9, 11960
9, 12004
9, 12011
9, 12033
9, 12060
9, 12105
9, 12307
9, 12553
9, 12555
9, 12558
9, 12560
9, 12563
9, 12566
7, 12568
7, 12570
7, 12571
9, 12579
9, 12610
9, 12637
3583, 12639
3583, 12651
3583, 12660
3583, 12665
3583, 12669
3583, 12677
3583, 12681
3583, 12687
3583, 12689
9, 12698
9, 12722
3583, 12730
3583, 12743
3583, 12747
3583, 12771
3583, 12775
3583, 12779
3583, 12783
3583, 12796
3583, 12805
3583, 12823
3583, 12845
3583, 12879
3583, 12893
3583, 12898
3583, 12906
3583, 12924
3583, 12929
5326, 12985
3583, 13007
3583, 13026
3583, 13028
3583, 13099
3583, 13104
3583, 13112
3583, 13148
9, 13157
3583, 13158
3583, 13197
9, 13224
3583, 13289
3583, 13347
3583, 13518
9, 13534
3583, 13586
3583, 13590
8955, 13646
3583, 13692
3583, 13709
3583, 13714
3583, 13754
3583, 13854
3583, 13868
3583, 13928
3583, 13947
3583, 14072
289, 14129
3583, 14187
5, 14289
62501, 14310
3583, 14354
5, 14382
5, 14405
3583, 14420
78852, 14527
91020, 14527
3583, 14761
3583, 14816
64918, 15032
3583, 15073
3583, 15074
12, 15444
12, 15459
3583, 15773
7242, 15946
12, 15972
3583, 15985
23781, 16101
79166, 16170
107085, 16394
107186, 16394
107672, 16394
23781, 16422
12, 16473
7427, 16574
25875, 16599
9636, 16660
23781, 16660
9, 16672
9, 16675
42644, 16786
22981, 16796
107085, 16796
107186, 16796
107672, 16796
3583, 16822
19580, 17359
62501, 17359
78852, 17402
63250, 17542
9636, 17548
23781, 17548
59607, 17576
107085, 17951
107186, 17951
107672, 17951
107085, 18027
107186, 18027
107672, 18027
79163, 18654
10593, 19286
24292, 19286
95385, 19308
10380, 19452
25875, 19815
78852, 20038
104307, 20038
23781, 20430
104307, 20469
95385, 20866
9636, 21052
106161, 21132
107085, 21162
107186, 21162
107672, 21162
107085, 21244
107186, 21244
107672, 21244
47382, 21279
107085, 21292
107186, 21292
107672, 21292
91331, 21320
3583, 21540
13566, 21541
107085, 21563
107186, 21563
107672, 21563
107085, 21925
107186, 21925
107672, 21925
107085, 21942
107186, 21942
107672, 21942
72032, 21948
78852, 22053
78852, 22511
62502, 22516
107085, 22848
107186, 22848
107672, 22848
95385, 23154
63250, 23445
9215, 23736
107085, 23869
107186, 23869
107672, 23869
13566, 23973
74914, 24596
76945, 24813
8955, 25010
8955, 25016
23781, 25095
12, 25122
12, 25126
12, 25130
107085, 25140
107186, 25140
107672, 25140
12, 25141
12, 25158
12, 25180
12, 25258
12, 25385
12, 25408
12, 25452
12, 25544
12, 25613
12, 25666
63250, 25678
64918, 25715
3583, 25742
12, 25743
12, 25833
12, 25897
72032, 25950
63250, 26020
107085, 26209
107186, 26209
107672, 26209
107085, 26315
107186, 26315
107672, 26315
13566, 26465
19580, 26969
62501, 26969
107085, 27107
107186, 27107
107672, 27107
107085, 27115
107186, 27115
107672, 27115
106160, 27252
107085, 27252
107186, 27252
107672, 27252
3583, 27498
10380, 27558
78852, 27558
10380, 27561
79166, 27561
78852, 27597
79166, 27603
79166, 27885
101997, 27885
107085, 28373
107186, 28373
107672, 28373
23781, 28480
107085, 28628
107186, 28628
107672, 28628
91020, 28676
23781, 28799
9636, 28891
9636, 28925
9636, 28928
9636, 28963
12, 29045
9636, 29048
9636, 29161
9636, 29172
107085, 29280
107186, 29280
107672, 29280
9636, 29371
59607, 29548
9636, 29598
107085, 29808
107186, 29808
107672, 29808
9636, 30083
16134, 30277
9215, 30281
9215, 30282
9215, 30285
9215, 30286
9215, 30288
9215, 30291
9215, 30300
9215, 30313
9636, 30343
9215, 30345
10593, 30394
24292, 30394
9215, 30464
9215, 30471
78852, 30535
24292, 30545
9215, 30550
9636, 30620
15018, 30620
9636, 30634
10593, 30793
24292, 30793
24292, 30794
15974, 30912
14328, 30953
13566, 30989
9636, 31492
91331, 31570
78852, 31607
10629, 31721
10629, 31730
9215, 31764
91331, 31790
14328, 31802
101472, 31886
104307, 31886
9215, 31972
10629, 32347
10629, 32353
10629, 32361
10629, 32377
10629, 32381
10629, 32577
10629, 32652
107085, 32659
107186, 32659
107672, 32659
79163, 32661
79163, 32684
22981, 32776
107085, 32776
107186, 32776
107672, 32776
91331, 32949
9636, 33072
104307, 33456
3583, 33472
23781, 33639
15018, 33696
107085, 34033
107186, 34033
107672, 34033
12554, 34301
12554, 34485
13566, 34657
10629, 34875
63250, 34963
3583, 35030
12554, 35046
64176, 36737
51671, 37030
107085, 37071
107186, 37071
107672, 37071
22981, 37110
107085, 38669
107186, 38669
107672, 38669
107535, 38749
12976, 39336
12976, 39353
12976, 39394
22981, 40017
13566, 40237
19580, 40434
62501, 40434
79163, 40586
13566, 42385
13566, 42387
13566, 42389
13566, 42391
13566, 42392
13566, 42393
13566, 42406
13566, 42425
13566, 42427
13566, 42439
13566, 42458
13566, 42459
107085, 42472
107186, 42472
107672, 42472
13566, 42486
13566, 42562
15018, 42585
13566, 42590
13566, 42600
13566, 42651
13566, 42770
15974, 42789
13566, 42810
14327, 42830
13566, 42862
13566, 42900
13566, 42911
13566, 42976
13566, 43004
13566, 43151
13566, 43161
13566, 43167
13566, 43184
13566, 43207
13566, 43229
13566, 43236
13566, 43310
13566, 43322
13566, 43357
13566, 43365
78852, 43434
95385, 43434
14328, 43540
13566, 43752
91020, 44035
91020, 44943
76945, 45213
71787, 45331
14912, 45814
14328, 46231
13566, 46361
78852, 46880
91020, 46905
106161, 47063
78835, 47627
107085, 47904
107186, 47904
107672, 47904
63250, 47972
13566, 48085
104307, 49266
107085, 50215
107186, 50215
107672, 50215
107085, 50544
107186, 50544
107672, 50544
13566, 51273
13566, 51276
13566, 51279
13566, 51281
13566, 51283
13566, 51285
13566, 51286
13566, 51288
13566, 51291
13566, 51293
13566, 51296
13566, 51298
13566, 51301
13566, 51303
13566, 51306
13566, 51308
13566, 51310
13566, 51311
13566, 51314
13566, 51315
13566, 51317
19580, 51368
62501, 51368
14328, 52446
23781, 52586
59607, 52601
47382, 52884
14912, 54016
14327, 54415
15974, 54700
9636, 54793
15018, 55075
15018, 55095
15974, 55579
15018, 55731
15018, 55755
16134, 55895
16134, 55910
107085, 55918
107186, 55918
107672, 55918
16134, 55952
107085, 56153
107186, 56153
107672, 56153
78852, 56175
23781, 56179
107085, 56884
107186, 56884
107672, 56884
16402, 57224
107085, 57364
107186, 57364
107672, 57364
16402, 57370
16402, 57374
16402, 57379
107085, 57379
107186, 57379
107672, 57379
16402, 57386
107085, 57442
107186, 57442
107672, 57442
107085, 57600
107186, 57600
107672, 57600
107085, 57729
107186, 57729
107672, 57729
107085, 57757
107186, 57757
107672, 57757
23781, 57993
16402, 58558
15974, 59156
78852, 59269
107085, 59317
107186, 59317
107672, 59317
16402, 59319
107085, 59319
107186, 59319
107672, 59319
104307, 59585
78852, 59741
107085, 59803
107186, 59803
107672, 59803
17566, 59805
17566, 60272
23781, 61000
23781, 61142
19580, 62190
19580, 62192
19580, 62193
19580, 62266
62501, 62266
19580, 62279
62501, 62279
19580, 62286
62501, 62286
19580, 63519
62501, 63519
19786, 64261
19786, 64280
19786, 64398
19786, 64594
19580, 64809
62501, 64809
19580, 64810
62501, 64810
19580, 64811
62501, 64811
19580, 64813
62501, 64813
19580, 64815
62501, 64815
71786, 64815
19580, 64816
62501, 64816
71786, 64816
19580, 64817
62501, 64817
19580, 64818
19580, 64820
62501, 64820
19580, 64821
62501, 64821
19580, 64822
62501, 64822
19580, 64823
62501, 64823
19580, 64824
62501, 64824
19580, 64825
19580, 64826
62501, 64826
19580, 64827
62501, 64827
19580, 64828
19580, 64829
62501, 64829
19580, 64830
62501, 64830
19580, 64831
62501, 64831
19580, 64832
62501, 64832
19580, 64833
62501, 64833
19580, 64835
62501, 64835
19580, 64836
62501, 64836
19580, 64837
62501, 64837
19580, 64838
62501, 64838
19580, 64839
62501, 64839
19580, 64840
62501, 64840
19580, 64841
62501, 64841
19580, 64842
62501, 64842
19580, 64843
62501, 64843
19580, 65466
19786, 66815
104307, 67202
107085, 67954
107186, 67954
107672, 67954
22980, 68370
22980, 68371
22980, 68376
22980, 68377
22980, 68389
22980, 68391
22980, 68399
22980, 68471
22980, 68475
22980, 69327
107085, 69410
107186, 69410
107672, 69410
22980, 69482
78852, 69820
107085, 69862
107186, 69862
107672, 69862
64176, 70041
51671, 70289
22981, 70526
63250, 70653
107085, 70770
107186, 70770
107672, 70770
104307, 70993
1, 71003
107534, 71003
107085, 71024
107186, 71024
107672, 71024
107085, 71119
107186, 71119
107672, 71119
23781, 71285
107085, 71361
107186, 71361
107672, 71361
22981, 71462
22981, 71492
107085, 71520
107186, 71520
107672, 71520
22981, 71529
107085, 71529
107186, 71529
107672, 71529
22981, 71561
22981, 71635
22981, 71840
23781, 72107
22981, 72309
107085, 72517
107186, 72517
107672, 72517
9636, 72858
23781, 72858
107085, 73458
107186, 73458
107672, 73458
22981, 73885
107085, 73913
107186, 73913
107672, 73913
106161, 73923
107085, 73923
107186, 73923
107672, 73923
107085, 74039
107186, 74039
107672, 74039
107085, 74483
107186, 74483
107672, 74483
107085, 74527
107186, 74527
107672, 74527
22981, 74714
107085, 74729
107186, 74729
107672, 74729
91331, 74821
23781, 74886
1, 75250
47382, 75507
22981, 76053
1, 76090
24292, 76094
76945, 76126
75984, 76310
78852, 76348
23781, 76364
25875, 76381
25875, 76382
25875, 76383
25875, 76395
25875, 76399
25875, 76403
62502, 76439
23781, 76495
23781, 76496
23781, 76497
23781, 76498
23781, 76499
23781, 76500
23781, 76501
23781, 76502
23781, 76503
23781, 76504
23781, 76505
78852, 76561
26388, 76841
26388, 78066
78852, 78306
9636, 79752
78852, 80352
104307, 80352
107535, 80354
104307, 80403
107085, 80662
107186, 80662
107672, 80662
104306, 81001
27504, 81111
26388, 81171
26388, 81172
26388, 81176
107085, 81176
107186, 81176
107672, 81176
26388, 81224
26388, 81254
63250, 81271
91331, 81288
107085, 81355
107186, 81355
107672, 81355
107085, 82242
107186, 82242
107672, 82242
107085, 82425
107186, 82425
107672, 82425
47382, 83075
51669, 83325
91331, 84621
91331, 84987
107085, 89354
107186, 89354
107672, 89354
25875, 91973
42644, 92299
25875, 93517
63250, 95291
105378, 95341
107085, 96512
107186, 96512
107672, 96512
47382, 97313
51671, 97313
47382, 97316
47382, 97320
47382, 97344
62502, 97407
47382, 97508
104307, 98128
47382, 99744
104307, 100043
91331, 100650
51669, 101191
9636, 102239
107534, 102870
104307, 102991
107085, 103208
107186, 103208
107672, 103208
107085, 103636
107186, 103636
107672, 103636
95385, 103685
51669, 104011
107085, 104135
107186, 104135
107672, 104135
47382, 106376
47382, 106377
47382, 106378
47382, 106380
47382, 106383
47382, 106384
47382, 106386
47382, 106388
47382, 106389
47382, 106391
47382, 106394
47382, 106395
47382, 106396
47382, 106397
47382, 106400
47382, 106402
47382, 106405
47382, 106407
47382, 106408
47382, 106409
50618, 106691
107085, 107143
107186, 107143
107672, 107143
49675, 108174
51669, 109244
51669, 109246
51669, 109247
51669, 109256
51669, 109266
51669, 109280
51669, 109330
51669, 109331
9215, 109447
51669, 109533
51669, 110028
51669, 110095
104307, 110498
104307, 111443
51671, 112604
51669, 112612
51671, 113175
51671, 113579
51671, 113639
62502, 113768
51671, 113974
63250, 114050
51671, 114355
1, 114376
62502, 114944
63250, 117845
91331, 118188
78835, 118323
107085, 118528
107186, 118528
107672, 118528
104307, 119636
59607, 119661
59607, 119662
59607, 119672
59607, 119705
59607, 119735
59607, 119737
59607, 120256
51669, 122584
64918, 122698
62502, 122700
59607, 123916
78852, 124155
107085, 124536
107186, 124536
107672, 124536
107535, 124781
51669, 125693
107085, 126439
107186, 126439
107672, 126439
1, 126754
107085, 126883
107186, 126883
107672, 126883
9636, 127535
9636, 127536
91020, 128529
62501, 128956
107085, 129946
107186, 129946
107672, 129946
3583, 130199
62502, 131926
62502, 131948
62502, 132113
62502, 132375
62501, 132520
107085, 133733
107186, 133733
107672, 133733
107085, 134493
107186, 134493
107672, 134493
107085, 135114
107186, 135114
107672, 135114
65107, 135842
64176, 135977
64176, 136071
59607, 136157
63250, 136322
63250, 136342
95385, 136347
63250, 136448
62502, 136455
63250, 136650
63250, 137012
59607, 137918
59607, 137919
59607, 137920
59607, 137922
59607, 137923
78835, 141772
78835, 141896
78835, 141912
78835, 142053
78835, 142077
69158, 142169
104307, 145682
107085, 145686
107186, 145686
107672, 145686
78835, 146758
71786, 149360
71786, 149415
74914, 149632
72032, 149934
107085, 149987
107186, 149987
107672, 149987
78852, 150011
72032, 150043
72032, 150286
91020, 151216
104307, 151619
104307, 151743
107085, 151945
107186, 151945
107672, 151945
107085, 152087
107186, 152087
107672, 152087
107535, 152181
107085, 152482
107186, 152482
107672, 152482
104307, 153400
74914, 153413
74914, 153555
76945, 153568
51669, 153615
107085, 154469
107186, 154469
107672, 154469
75984, 155195
75984, 155199
75984, 155259
75984, 155366
75984, 155543
75984, 155842
75984, 155862
75984, 155864
75984, 155868
76945, 158876
76945, 158898
76945, 158961
107085, 160641
107186, 160641
107672, 160641
77319, 160737
51669, 160927
51669, 160928
51669, 160930
51669, 160932
51669, 160933
51669, 160934
91331, 161250
77319, 162614
78852, 164436
95385, 164436
107085, 166006
107186, 166006
107672, 166006
107085, 166819
107186, 166819
107672, 166819
105378, 169669
78852, 169886
107085, 169895
107186, 169895
107672, 169895
107085, 169968
107186, 169968
107672, 169968
78852, 169975
104307, 170019
78852, 170043
95385, 170043
78852, 170069
95385, 170069
91331, 170096
78852, 170219
91331, 170299
104307, 170396
104307, 170478
104307, 170609
78852, 170622
95385, 170666
95385, 170972
95385, 171293
95385, 171398
78852, 171422
91020, 171670
95385, 171848
104307, 171991
95385, 172255
104307, 172400
78852, 172474
78835, 172572
91331, 173043
107085, 173191
107186, 173191
107672, 173191
78852, 173234
104307, 173421
104307, 173514
95385, 173903
104307, 174083
107085, 174115
107186, 174115
107672, 174115
95385, 174198
95385, 174326
107085, 174336
107186, 174336
107672, 174336
107085, 174369
107186, 174369
107672, 174369
9636, 174656
78852, 175103
78852, 175556
75984, 175872
107085, 176870
107186, 176870
107672, 176870
107085, 177684
107186, 177684
107672, 177684
3583, 178222
78852, 178284
101997, 178811
105378, 178811
107085, 179053
107186, 179053
107672, 179053
107085, 179323
107186, 179323
107672, 179323
106160, 179333
107085, 179333
107186, 179333
107672, 179333
78852, 179438
107085, 179462
107186, 179462
107672, 179462
79163, 179501
91020, 180647
91020, 180663
91020, 180841
101472, 181085
107534, 181475
91020, 181973
91020, 182211
104307, 182287
91020, 183562
91331, 185804
95385, 185881
91331, 186040
91331, 186343
95385, 186501
91331, 186837
91331, 187153
91331, 187175
104307, 187564
91331, 187849
104307, 187968
91331, 187976
91331, 188945
107534, 189964
95385, 190306
95385, 190314
107085, 191999
107186, 191999
107672, 191999
101472, 192317
101472, 192337
101472, 192353
107535, 192524
107085, 194480
107186, 194480
107672, 194480
105378, 194536
101997, 194545
9, 195780
104307, 196594
104307, 196602
104307, 196617
107085, 196625
107186, 196625
107672, 196625
104307, 196696
104307, 196944
104307, 197292
79163, 197374
104307, 197410
95385, 197455
95385, 197456
95385, 197457
107085, 198595
107186, 198595
107672, 198595
1, 199873
105378, 200563
105378, 200644
105378, 201230
107085, 203034
107186, 203034
107672, 203034
104307, 203199
107085, 203918
107186, 203918
107672, 203918
106160, 204442
107085, 204442
107186, 204442
107672, 204442
107085, 204443
107186, 204443
107672, 204443
106160, 204445
107085, 204447
107186, 204447
107672, 204447
107085, 204452
107186, 204452
107672, 204452
107085, 204454
107186, 204454
107672, 204454
107085, 204460
107186, 204460
107672, 204460
107085, 204464
107186, 204464
107672, 204464
107085, 204465
107186, 204465
107672, 204465
106160, 204466
107085, 204466
107186, 204466
107672, 204466
107085, 204470
107186, 204470
107672, 204470
107085, 204477
107186, 204477
107672, 204477
107085, 204490
107186, 204490
107672, 204490
106161, 204497
107085, 204499
107186, 204499
107672, 204499
107085, 204500
107186, 204500
107672, 204500
107085, 204508
107186, 204508
107672, 204508
107085, 204517
107186, 204517
107672, 204517
107085, 204518
107186, 204518
107672, 204518
107085, 204521
107186, 204521
107672, 204521
107085, 204528
107186, 204528
107672, 204528
107085, 204531
107186, 204531
107672, 204531
107085, 204533
107186, 204533
107672, 204533
107085, 204547
107186, 204547
107672, 204547
107085, 204566
107186, 204566
107672, 204566
91331, 204567
107085, 204756
107186, 204756
107672, 204756
107085, 204869
107186, 204869
107672, 204869
106161, 204893
1, 205343
107534, 205447
1, 205525
1, 205526
1, 205528
107534, 205560
107085, 205924
107186, 205924
107672, 205924
107085, 205933
107186, 205933
107672, 205933
107085, 206043
107186, 206043
107672, 206043
107535, 206126
107085, 206185
107186, 206185
107672, 206185
107085, 206193
107186, 206193
107672, 206193
107085, 206262
107186, 206262
107672, 206262
1, 206308
104307, 206347
104307, 206348
104307, 206349
104307, 206350
104307, 206351
104307, 206352
104307, 206353
104307, 206354
104307, 206355
104307, 206356
104307, 206357
104307, 206358
104307, 206359
104307, 206360
104307, 206361
104307, 206362
104307, 206363
104307, 206364
104307, 206365
104307, 206366
104307, 206367
104307, 206368
104307, 206369
104307, 206370
104307, 206371
104307, 206372
104307, 206373
104307, 206374
107085, 207366
107186, 207366
107672, 207366
107085, 207367
107186, 207367
107672, 207367
107085, 207368
107186, 207368
107672, 207368
107085, 207369
107186, 207369
107672, 207369
107085, 207370
107186, 207370
107672, 207370
107085, 207371
107186, 207371
107672, 207371
107085, 207372
107186, 207372
107672, 207372
107085, 207373
107186, 207373
107672, 207373
107085, 207374
107186, 207374
107672, 207374
107085, 207375
107186, 207375
107672, 207375
107085, 207376
107186, 207376
107672, 207376
107085, 207377
107186, 207377
107672, 207377
107085, 207378
107186, 207378
107672, 207378
107085, 207379
107186, 207379
107672, 207379
107085, 207380
107186, 207380
107672, 207380
107085, 207381
107186, 207381
107672, 207381
107085, 207382
107186, 207382
107672, 207382
107085, 207383
107186, 207383
107672, 207383
107085, 207384
107186, 207384
107672, 207384
107085, 207385
107186, 207385
107672, 207385
107085, 207386
107186, 207386
107672, 207386
107085, 207387
107186, 207387
107672, 207387
107085, 207388
107186, 207388
107672, 207388
107085, 207389
107186, 207389
107672, 207389
107085, 207390
107186, 207390
107672, 207390
107085, 207391
107186, 207391
107672, 207391
107085, 207392
107186, 207392
107672, 207392
107085, 207393
107186, 207393
107672, 207393
107085, 207394
107186, 207394
107672, 207394
107085, 207395
107186, 207395
107672, 207395
107085, 207396
107186, 207396
107672, 207396
107085, 207397
107186, 207397
107672, 207397
107085, 207398
107186, 207398
107672, 207398
107085, 207399
107186, 207399
107672, 207399
107085, 207400
107186, 207400
107672, 207400
107085, 207401
107186, 207401
107672, 207401
107085, 207402
107186, 207402
107672, 207402
107085, 207403
107186, 207403
107672, 207403
107085, 207404
107186, 207404
107672, 207404
107085, 207405
107186, 207405
107672, 207405
107085, 207406
107186, 207406
107672, 207406
107085, 207407
107186, 207407
107672, 207407
107085, 207408
107186, 207408
107672, 207408
107085, 207409
107186, 207409
107672, 207409
107085, 207410
107186, 207410
107672, 207410
107085, 207411
107186, 207411
107672, 207411
107085, 207412
107186, 207412
107672, 207412
107085, 207413
107186, 207413
107672, 207413
107085, 207414
107186, 207414
107672, 207414
107085, 207415
107186, 207415
107672, 207415
107085, 207416
107186, 207416
107672, 207416
107085, 207417
107186, 207417
107672, 207417
107085, 207418
107186, 207418
107672, 207418
107085, 207419
107186, 207419
107672, 207419
107085, 207420
107186, 207420
107672, 207420
107085, 207421
107186, 207421
107672, 207421
107085, 207422
107186, 207422
107672, 207422
107085, 207423
107186, 207423
107672, 207423
107085, 207424
107186, 207424
107672, 207424
107085, 207425
107186, 207425
107672, 207425
107085, 207426
107186, 207426
107672, 207426
107085, 207427
107186, 207427
107672, 207427
107085, 207428
107186, 207428
107672, 207428
107085, 207429
107186, 207429
107672, 207429
107085, 207430
107186, 207430
107672, 207430
107085, 207431
107186, 207431
107672, 207431
107085, 207432
107186, 207432
107672, 207432
107085, 207433
107186, 207433
107672, 207433
107085, 207434
107186, 207434
107672, 207434
107085, 207435
107186, 207435
107672, 207435
107085, 207436
107186, 207436
107672, 207436
107085, 207437
107186, 207437
107672, 207437
107085, 207438
107186, 207438
107672, 207438
107085, 207439
107186, 207439
107672, 207439
107085, 207440
107186, 207440
107672, 207440
107085, 207441
107186, 207441
107672, 207441
107085, 207442
107186, 207442
107672, 207442
107085, 207443
107186, 207443
107672, 207443
107085, 207444
107186, 207444
107672, 207444
107085, 207445
107186, 207445
107672, 207445
107085, 207446
107186, 207446
107672, 207446
107085, 207447
107186, 207447
107672, 207447
107085, 207448
107186, 207448
107672, 207448
107085, 207449
107186, 207449
107672, 207449
107085, 207450
107186, 207450
107672, 207450
107085, 207451
107186, 207451
107672, 207451
107085, 207452
107186, 207452
107672, 207452
107085, 207453
107186, 207453
107672, 207453
107085, 207454
107186, 207454
107672, 207454
107085, 207455
107186, 207455
107672, 207455
107085, 207456
107186, 207456
107672, 207456
107085, 207457
107186, 207457
107672, 207457
107085, 207458
107186, 207458
107672, 207458
107085, 207459
107186, 207459
107672, 207459
107085, 207460
107186, 207460
107672, 207460
107085, 207461
107186, 207461
107672, 207461
107085, 207462
107186, 207462
107672, 207462
107085, 207464
107186, 207464
107672, 207464
107085, 207465
107186, 207465
107672, 207465
107085, 207466
107186, 207466
107672, 207466
107085, 207467
107186, 207467
107672, 207467
107085, 207468
107186, 207468
107672, 207468
107085, 207469
107186, 207469
107672, 207469
107085, 207471
107186, 207471
107672, 207471
107085, 207472
107186, 207472
107672, 207472
107085, 207473
107186, 207473
107672, 207473
107085, 207474
107186, 207474
107672, 207474
107085, 207475
107186, 207475
107672, 207475
107085, 207476
107186, 207476
107672, 207476
107085, 207477
107186, 207477
107672, 207477
107085, 207478
107186, 207478
107672, 207478
107085, 207479
107186, 207479
107672, 207479
107085, 207480
107186, 207480
107672, 207480
107085, 207481
107186, 207481
107672, 207481
107085, 207482
107186, 207482
107672, 207482
107085, 207483
107186, 207483
107672, 207483
107085, 207484
107186, 207484
107672, 207484
107085, 207485
107186, 207485
107672, 207485
107085, 207486
107186, 207486
107672, 207486
107085, 207487
107186, 207487
107672, 207487
107085, 207488
107186, 207488
107672, 207488
107085, 207489
107186, 207489
107672, 207489
107085, 207490
107186, 207490
107672, 207490
107085, 207491
107186, 207491
107672, 207491
107085, 207492
107186, 207492
107672, 207492
107085, 207493
107186, 207493
107672, 207493
107085, 207494
107186, 207494
107672, 207494
107085, 207495
107186, 207495
107672, 207495
107085, 207496
107186, 207496
107672, 207496
107085, 207497
107186, 207497
107672, 207497
107085, 207498
107186, 207498
107672, 207498
107085, 207499
107186, 207499
107672, 207499
107085, 207500
107186, 207500
107672, 207500
107085, 207501
107186, 207501
107672, 207501
107085, 207502
107186, 207502
107672, 207502
107085, 207503
107186, 207503
107672, 207503
107085, 207504
107186, 207504
107672, 207504
107085, 207505
107186, 207505
107672, 207505
107085, 207506
107186, 207506
107672, 207506
107085, 207507
107186, 207507
107672, 207507
107085, 207508
107186, 207508
107672, 207508
107085, 207509
107186, 207509
107672, 207509
107085, 207510
107186, 207510
107672, 207510
107085, 207511
107186, 207511
107672, 207511
107085, 207512
107186, 207512
107672, 207512
107085, 207513
107186, 207513
107672, 207513
107085, 207514
107186, 207514
107672, 207514
107085, 207515
107186, 207515
107672, 207515
107085, 207516
107186, 207516
107672, 207516
107085, 207517
107186, 207517
107672, 207517
107085, 207518
107186, 207518
107672, 207518
107085, 207519
107186, 207519
107672, 207519
107085, 207520
107186, 207520
107672, 207520
107085, 207522
107186, 207522
107672, 207522
107534, 207718
107534, 207775
107534, 207791
107535, 209249
107535, 209280
107535, 210246
107085, 210608
107186, 210608
107672, 210608
107534, 210665
107534, 210770
107534, 210892
91020, 212765
3583, 214988
289, 258028
289, 258031
3583, 266174
19580, 268605
107085, 274078
107186, 274078
107672, 274078
19580, 282682
104307, 312258
91331, 313905
107085, 328928
107186, 328928
107672, 328928
107085, 331975
107186, 331975
107672, 331975
107085, 336985
107186, 336985
107672, 336985
104307, 358007
107085, 374959
107186, 374959
107672, 374959
104307, 414144
104307, 418309
63250, 442390
95385, 501865
22980, 506736
19580, 507524
3583, 507533
3, 507728
7, 507729
9, 507730
9, 507731
9, 507732
9, 507733
9, 507734
10593, 507735
24292, 507735
19580, 507736
47382, 507737
47382, 507738
51669, 507739
51669, 507740
51669, 507741
51669, 507742
51671, 507743
51671, 507744
59607, 507745
104307, 507746
104307, 507747
107085, 507748
107186, 507748
107672, 507748
107085, 507749
107186, 507749
107672, 507749
107085, 507750
107186, 507750
107672, 507750
107085, 507751
107186, 507751
107672, 507751
107085, 507752
107186, 507752
107672, 507752
107085, 507753
107186, 507753
107672, 507753
107085, 507754
107186, 507754
107672, 507754
107085, 507755
107186, 507755
107672, 507755
107085, 507756
107186, 507756
107672, 507756
